{
  "val_loss": 0.19729599356651306,
  "f1": 0.4572929171668667,
  "accuracy": 0.6216216216216216,
  "precision": 0.437221633085896,
  "recall": 0.4949430199430199,
  "confusion_matrix": [
    [
      25,
      0,
      0,
      2
    ],
    [
      7,
      17,
      0,
      2
    ],
    [
      6,
      3,
      0,
      2
    ],
    [
      3,
      3,
      0,
      4
    ]
  ],
  "level1_f1": 0.6765734265734266,
  "level1_acc": 0.7297297297297297,
  "level1_precision": 0.7213622291021672,
  "level1_recall": 0.6690307328605201,
  "level2_f1": 0.6802721088435374,
  "level2_acc": 0.6808510638297872,
  "level2_precision": 0.6820652173913043,
  "level2_recall": 0.6840659340659341,
  "level3_f1": 0.3225806451612903,
  "level3_acc": 0.47619047619047616,
  "level3_precision": 0.23809523809523808,
  "level3_recall": 0.5,
  "attention_entropy_mean": 7.155503859391084,
  "attention_entropy_std": 0.44466396556897586,
  "trial_number": 9,
  "params": {
    "activation": "relu",
    "F1": 8,
    "F2": 16,
    "bottleneck_dim": 16,
    "hidden_dim": 8
  }
}