{
  "val_loss": 0.19304661452770233,
  "f1": 0.37533602150537637,
  "accuracy": 0.581081081081081,
  "precision": 0.5387218045112782,
  "recall": 0.4187386687386687,
  "confusion_matrix": [
    [
      22,
      5,
      0,
      0
    ],
    [
      6,
      20,
      0,
      0
    ],
    [
      5,
      5,
      1,
      0
    ],
    [
      2,
      8,
      0,
      0
    ]
  ],
  "level1_f1": 0.7331730769230769,
  "level1_acc": 0.7567567567567568,
  "level1_precision": 0.7379591836734694,
  "level1_recall": 0.7297084318360914,
  "level2_f1": 0.5908858166922683,
  "level2_acc": 0.6382978723404256,
  "level2_precision": 0.6608108108108108,
  "level2_recall": 0.6089743589743589,
  "level3_f1": 0.38726790450928383,
  "level3_acc": 0.47619047619047616,
  "level3_precision": 0.41666666666666663,
  "level3_recall": 0.4590909090909091,
  "attention_entropy_mean": 5.434975127916078,
  "attention_entropy_std": 0.49136840810506915,
  "trial_number": 2,
  "params": {
    "activation": "elu",
    "F1": 32,
    "F2": 12,
    "bottleneck_dim": 8,
    "hidden_dim": 24
  }
}