{
  "val_loss": 0.19715772569179535,
  "f1": 0.35416666666666663,
  "accuracy": 0.6081081081081081,
  "precision": 0.30405405405405406,
  "recall": 0.42414529914529914,
  "confusion_matrix": [
    [
      24,
      3,
      0,
      0
    ],
    [
      5,
      21,
      0,
      0
    ],
    [
      6,
      5,
      0,
      0
    ],
    [
      2,
      8,
      0,
      0
    ]
  ],
  "level1_f1": 0.6231481481481481,
  "level1_acc": 0.7027027027027027,
  "level1_precision": 0.6986128625472887,
  "level1_recall": 0.624113475177305,
  "level2_f1": 0.49134199134199136,
  "level2_acc": 0.574468085106383,
  "level2_precision": 0.5732142857142857,
  "level2_recall": 0.5375457875457875,
  "level3_f1": 0.5714285714285714,
  "level3_acc": 0.6190476190476191,
  "level3_precision": 0.6691176470588236,
  "level3_recall": 0.6045454545454545,
  "attention_entropy_mean": 4.537929721780725,
  "attention_entropy_std": 0.7007188295070731,
  "trial_number": 8,
  "params": {
    "activation": "tanh",
    "F1": 8,
    "F2": 12,
    "bottleneck_dim": 16,
    "hidden_dim": 32
  }
}