{
  "val_loss": 0.1840629130601883,
  "f1": 0.4707939119703826,
  "accuracy": 0.6351351351351351,
  "precision": 0.6684646654158849,
  "recall": 0.48462833462833466,
  "confusion_matrix": [
    [
      25,
      1,
      1,
      0
    ],
    [
      6,
      19,
      1,
      0
    ],
    [
      6,
      3,
      2,
      0
    ],
    [
      4,
      3,
      2,
      1
    ]
  ],
  "level1_f1": 0.7157873458661815,
  "level1_acc": 0.7432432432432432,
  "level1_precision": 0.7233333333333334,
  "level1_recall": 0.7111899133175729,
  "level2_f1": 0.6083333333333334,
  "level2_acc": 0.6170212765957447,
  "level2_precision": 0.6655844155844155,
  "level2_recall": 0.6401098901098901,
  "level3_f1": 0.5333333333333333,
  "level3_acc": 0.5714285714285714,
  "level3_precision": 0.58125,
  "level3_recall": 0.5590909090909091,
  "attention_entropy_mean": 4.4287155383342025,
  "attention_entropy_std": 0.6239067788110331,
  "trial_number": 10,
  "params": {
    "activation": "elu",
    "F1": 24,
    "F2": 8,
    "bottleneck_dim": 32,
    "hidden_dim": 32
  }
}