{
  "val_loss": 0.19400052726268768,
  "f1": 0.3973470032792067,
  "accuracy": 0.6216216216216216,
  "precision": 0.4367715617715618,
  "recall": 0.4465164465164465,
  "confusion_matrix": [
    [
      25,
      2,
      0,
      0
    ],
    [
      5,
      20,
      1,
      0
    ],
    [
      5,
      5,
      1,
      0
    ],
    [
      4,
      6,
      0,
      0
    ]
  ],
  "level1_f1": 0.6913604766633565,
  "level1_acc": 0.7162162162162162,
  "level1_precision": 0.6931089743589745,
  "level1_recall": 0.689913317572892,
  "level2_f1": 0.6808510638297872,
  "level2_acc": 0.6808510638297872,
  "level2_precision": 0.6886446886446886,
  "level2_recall": 0.6886446886446886,
  "level3_f1": 0.6971153846153846,
  "level3_acc": 0.7142857142857143,
  "level3_precision": 0.75,
  "level3_recall": 0.7045454545454546,
  "attention_entropy_mean": 4.806347099510399,
  "attention_entropy_std": 1.5144460576255239,
  "trial_number": 6,
  "params": {
    "activation": "tanh",
    "F1": 32,
    "F2": 8,
    "bottleneck_dim": 32,
    "hidden_dim": 8
  }
}