{
  "val_loss": 0.20518016815185547,
  "f1": 0.3535732133933034,
  "accuracy": 0.6081081081081081,
  "precision": 0.30505952380952384,
  "recall": 0.4237891737891738,
  "confusion_matrix": [
    [
      25,
      2,
      0,
      0
    ],
    [
      6,
      20,
      0,
      0
    ],
    [
      7,
      4,
      0,
      0
    ],
    [
      4,
      6,
      0,
      0
    ]
  ],
  "level1_f1": 0.7574705995758627,
  "level1_acc": 0.7702702702702703,
  "level1_precision": 0.7537878787878788,
  "level1_recall": 0.7639873916469662,
  "level2_f1": 0.5563835072031793,
  "level2_acc": 0.5957446808510638,
  "level2_precision": 0.5916666666666667,
  "level2_recall": 0.5705128205128205,
  "level3_f1": 0.49867374005305043,
  "level3_acc": 0.5714285714285714,
  "level3_precision": 0.6111111111111112,
  "level3_recall": 0.5545454545454546,
  "attention_entropy_mean": 5.437856313344595,
  "attention_entropy_std": 0.7891947375427995,
  "trial_number": 0,
  "params": {
    "activation": "tanh",
    "F1": 8,
    "F2": 12,
    "bottleneck_dim": 16,
    "hidden_dim": 8
  }
}