{
  "val_loss": 0.24748261272907257,
  "f1": 0.34654631083202514,
  "accuracy": 0.5945945945945946,
  "precision": 0.3171355498721228,
  "recall": 0.41346153846153844,
  "confusion_matrix": [
    [
      27,
      0,
      0,
      0
    ],
    [
      9,
      17,
      0,
      0
    ],
    [
      8,
      3,
      0,
      0
    ],
    [
      7,
      3,
      0,
      0
    ]
  ],
  "level1_f1": 0.7428205597219681,
  "level1_acc": 0.7432432432432432,
  "level1_precision": 0.7787878787878788,
  "level1_recall": 0.7899921197793538,
  "level2_f1": 0.3380281690140845,
  "level2_acc": 0.5106382978723404,
  "level2_precision": 0.26666666666666666,
  "level2_recall": 0.46153846153846156,
  "level3_f1": 0.3225806451612903,
  "level3_acc": 0.47619047619047616,
  "level3_precision": 0.23809523809523808,
  "level3_recall": 0.5,
  "attention_entropy_mean": 7.170358123006047,
  "attention_entropy_std": 0.43501200936599455,
  "trial_number": 4,
  "params": {
    "activation": "relu",
    "F1": 8,
    "F2": 16,
    "bottleneck_dim": 32,
    "hidden_dim": 16
  }
}