{
  "val_loss": 0.18575634062290192,
  "f1": 0.44190531852717707,
  "accuracy": 0.5945945945945946,
  "precision": 0.4125,
  "recall": 0.4774928774928775,
  "confusion_matrix": [
    [
      20,
      3,
      0,
      4
    ],
    [
      6,
      20,
      0,
      0
    ],
    [
      4,
      5,
      0,
      2
    ],
    [
      2,
      4,
      0,
      4
    ]
  ],
  "level1_f1": 0.5996236179722418,
  "level1_acc": 0.6891891891891891,
  "level1_precision": 0.6801075268817205,
  "level1_recall": 0.6055949566587864,
  "level2_f1": 0.6594202898550725,
  "level2_acc": 0.6595744680851063,
  "level2_precision": 0.6636363636363636,
  "level2_recall": 0.6648351648351649,
  "level3_f1": 0.3225806451612903,
  "level3_acc": 0.47619047619047616,
  "level3_precision": 0.23809523809523808,
  "level3_recall": 0.5,
  "attention_entropy_mean": 3.950650427792523,
  "attention_entropy_std": 0.506345164071268,
  "trial_number": 15,
  "params": {
    "activation": "elu",
    "F1": 24,
    "F2": 8,
    "bottleneck_dim": 32,
    "hidden_dim": 32
  }
}