{
  "val_loss": 0.19659453630447388,
  "f1": 0.40016233766233766,
  "accuracy": 0.581081081081081,
  "precision": 0.40366379310344824,
  "recall": 0.43256280756280757,
  "confusion_matrix": [
    [
      20,
      7,
      0,
      0
    ],
    [
      4,
      21,
      1,
      0
    ],
    [
      4,
      5,
      2,
      0
    ],
    [
      1,
      7,
      2,
      0
    ]
  ],
  "level1_f1": 0.6608333333333334,
  "level1_acc": 0.7027027027027027,
  "level1_precision": 0.6774483378256964,
  "level1_recall": 0.6556343577620173,
  "level2_f1": 0.6398467432950192,
  "level2_acc": 0.6595744680851063,
  "level2_precision": 0.6614583333333333,
  "level2_recall": 0.6419413919413919,
  "level3_f1": 0.34375,
  "level3_acc": 0.5238095238095238,
  "level3_precision": 0.2619047619047619,
  "level3_recall": 0.5,
  "attention_entropy_mean": 2.4944346957915537,
  "attention_entropy_std": 1.0623179567230632,
  "trial_number": 13,
  "params": {
    "activation": "elu",
    "F1": 24,
    "F2": 8,
    "bottleneck_dim": 32,
    "hidden_dim": 24
  }
}