{
  "val_loss": 0.18992267549037933,
  "f1": 0.537414803695235,
  "accuracy": 0.6216216216216216,
  "precision": 0.5575757575757575,
  "recall": 0.533074333074333,
  "confusion_matrix": [
    [
      22,
      1,
      2,
      2
    ],
    [
      6,
      17,
      2,
      1
    ],
    [
      5,
      1,
      4,
      1
    ],
    [
      2,
      2,
      3,
      3
    ]
  ],
  "level1_f1": 0.6105263157894737,
  "level1_acc": 0.7027027027027027,
  "level1_precision": 0.7128427128427128,
  "level1_recall": 0.6162332545311269,
  "level2_f1": 0.6024436090225564,
  "level2_acc": 0.6170212765957447,
  "level2_precision": 0.6880952380952381,
  "level2_recall": 0.6446886446886447,
  "level3_f1": 0.5227272727272727,
  "level3_acc": 0.5238095238095238,
  "level3_precision": 0.5277777777777778,
  "level3_recall": 0.5272727272727272,
  "attention_entropy_mean": 3.680602464321497,
  "attention_entropy_std": 0.5935730092348954,
  "trial_number": 7,
  "params": {
    "activation": "elu",
    "F1": 24,
    "F2": 8,
    "bottleneck_dim": 32,
    "hidden_dim": 32
  }
}