{
  "val_loss": 0.19260193407535553,
  "f1": 0.41463768115942023,
  "accuracy": 0.5675675675675675,
  "precision": 0.48541666666666666,
  "recall": 0.4339225589225589,
  "confusion_matrix": [
    [
      26,
      1,
      0,
      0
    ],
    [
      11,
      13,
      0,
      2
    ],
    [
      6,
      2,
      3,
      0
    ],
    [
      5,
      4,
      1,
      0
    ]
  ],
  "level1_f1": 0.7004048582995952,
  "level1_acc": 0.7162162162162162,
  "level1_precision": 0.6977272727272728,
  "level1_recall": 0.7056737588652482,
  "level2_f1": 0.7009090909090909,
  "level2_acc": 0.7021276595744681,
  "level2_precision": 0.7270114942528736,
  "level2_recall": 0.7170329670329669,
  "level3_f1": 0.49867374005305043,
  "level3_acc": 0.5714285714285714,
  "level3_precision": 0.6111111111111112,
  "level3_recall": 0.5545454545454546,
  "attention_entropy_mean": 4.508926749229431,
  "attention_entropy_std": 0.5782312009025559,
  "trial_number": 17,
  "params": {
    "activation": "elu",
    "F1": 24,
    "F2": 8,
    "bottleneck_dim": 8,
    "hidden_dim": 32
  }
}