{
  "val_loss": 0.18959739804267883,
  "f1": 0.41086889301175017,
  "accuracy": 0.6351351351351351,
  "precision": 0.5915217391304348,
  "recall": 0.4554195804195804,
  "confusion_matrix": [
    [
      27,
      0,
      0,
      0
    ],
    [
      7,
      19,
      0,
      0
    ],
    [
      9,
      1,
      1,
      0
    ],
    [
      7,
      3,
      0,
      0
    ]
  ],
  "level1_f1": 0.7265336289726534,
  "level1_acc": 0.7297297297297297,
  "level1_precision": 0.7377289377289378,
  "level1_recall": 0.7557131599684791,
  "level2_f1": 0.6275058275058275,
  "level2_acc": 0.6382978723404256,
  "level2_precision": 0.7024886877828054,
  "level2_recall": 0.6639194139194139,
  "level3_f1": 0.34375,
  "level3_acc": 0.5238095238095238,
  "level3_precision": 0.2619047619047619,
  "level3_recall": 0.5,
  "attention_entropy_mean": 3.910650815512683,
  "attention_entropy_std": 1.1219118106775325,
  "trial_number": 11,
  "params": {
    "activation": "elu",
    "F1": 16,
    "F2": 4,
    "bottleneck_dim": 24,
    "hidden_dim": 32
  }
}