{
  "val_loss": 0.1858343631029129,
  "f1": 0.5041717029277464,
  "accuracy": 0.6216216216216216,
  "precision": 0.573822463768116,
  "recall": 0.5050699300699301,
  "confusion_matrix": [
    [
      27,
      0,
      0,
      0
    ],
    [
      7,
      14,
      3,
      2
    ],
    [
      8,
      0,
      2,
      1
    ],
    [
      4,
      2,
      1,
      3
    ]
  ],
  "level1_f1": 0.7629545882796307,
  "level1_acc": 0.7702702702702703,
  "level1_precision": 0.7610294117647058,
  "level1_recall": 0.7797478329393223,
  "level2_f1": 0.5948275862068966,
  "level2_acc": 0.6170212765957447,
  "level2_precision": 0.7202702702702704,
  "level2_recall": 0.6492673992673992,
  "level3_f1": 0.6181818181818182,
  "level3_acc": 0.6190476190476191,
  "level3_precision": 0.6181818181818182,
  "level3_recall": 0.6181818181818182,
  "attention_entropy_mean": 6.048293886957942,
  "attention_entropy_std": 0.4294504643035882,
  "trial_number": 3,
  "params": {
    "activation": "elu",
    "F1": 16,
    "F2": 12,
    "bottleneck_dim": 24,
    "hidden_dim": 8
  }
}