{
  "val_loss": 0.19247040152549744,
  "f1": 0.3567503924646782,
  "accuracy": 0.6081081081081081,
  "precision": 0.3280051150895141,
  "recall": 0.4230769230769231,
  "confusion_matrix": [
    [
      27,
      0,
      0,
      0
    ],
    [
      8,
      18,
      0,
      0
    ],
    [
      9,
      2,
      0,
      0
    ],
    [
      7,
      3,
      0,
      0
    ]
  ],
  "level1_f1": 0.7157490396927016,
  "level1_acc": 0.7162162162162162,
  "level1_precision": 0.7507575757575757,
  "level1_recall": 0.7608353033884949,
  "level2_f1": 0.6907894736842105,
  "level2_acc": 0.7021276595744681,
  "level2_precision": 0.7029411764705882,
  "level2_recall": 0.6895604395604396,
  "level3_f1": 0.34375,
  "level3_acc": 0.5238095238095238,
  "level3_precision": 0.2619047619047619,
  "level3_recall": 0.5,
  "attention_entropy_mean": 6.0067276439151245,
  "attention_entropy_std": 0.4286447658956372,
  "trial_number": 18,
  "params": {
    "activation": "elu",
    "F1": 24,
    "F2": 8,
    "bottleneck_dim": 32,
    "hidden_dim": 24
  }
}