{
  "val_loss": 0.187590554356575,
  "f1": 0.47656684230418644,
  "accuracy": 0.6216216216216216,
  "precision": 0.4593457617651166,
  "recall": 0.5262561512561512,
  "confusion_matrix": [
    [
      22,
      2,
      3,
      0
    ],
    [
      5,
      17,
      4,
      0
    ],
    [
      4,
      0,
      7,
      0
    ],
    [
      0,
      2,
      8,
      0
    ]
  ],
  "level1_f1": 0.6105263157894737,
  "level1_acc": 0.7027027027027027,
  "level1_precision": 0.7128427128427128,
  "level1_recall": 0.6162332545311269,
  "level2_f1": 0.6083333333333334,
  "level2_acc": 0.6170212765957447,
  "level2_precision": 0.6655844155844155,
  "level2_recall": 0.6401098901098901,
  "level3_f1": 0.34375,
  "level3_acc": 0.5238095238095238,
  "level3_precision": 0.2619047619047619,
  "level3_recall": 0.5,
  "attention_entropy_mean": 4.730409316114478,
  "attention_entropy_std": 0.8699672318805636,
  "trial_number": 14,
  "params": {
    "activation": "elu",
    "F1": 24,
    "F2": 8,
    "bottleneck_dim": 24,
    "hidden_dim": 24
  }
}