{
  "val_loss": 0.18607719242572784,
  "f1": 0.5086247086247087,
  "accuracy": 0.5945945945945946,
  "precision": 0.5260531135531136,
  "recall": 0.5126392126392126,
  "confusion_matrix": [
    [
      19,
      3,
      4,
      1
    ],
    [
      5,
      18,
      2,
      1
    ],
    [
      3,
      2,
      5,
      1
    ],
    [
      1,
      3,
      4,
      2
    ]
  ],
  "level1_f1": 0.7541528239202657,
  "level1_acc": 0.7972972972972973,
  "level1_precision": 0.8254310344827587,
  "level1_recall": 0.7379826635145784,
  "level2_f1": 0.6275058275058275,
  "level2_acc": 0.6382978723404256,
  "level2_precision": 0.7024886877828054,
  "level2_recall": 0.6639194139194139,
  "level3_f1": 0.5138888888888888,
  "level3_acc": 0.5238095238095238,
  "level3_precision": 0.5192307692307692,
  "level3_recall": 0.5181818181818182,
  "attention_entropy_mean": 4.137453169436069,
  "attention_entropy_std": 1.0774560681409928,
  "trial_number": 12,
  "params": {
    "activation": "elu",
    "F1": 24,
    "F2": 8,
    "bottleneck_dim": 24,
    "hidden_dim": 24
  }
}