{
  "val_loss": 0.1998821347951889,
  "f1": 0.3643549209586946,
  "accuracy": 0.6216216216216216,
  "precision": 0.3234830575256107,
  "recall": 0.43304843304843305,
  "confusion_matrix": [
    [
      26,
      1,
      0,
      0
    ],
    [
      6,
      20,
      0,
      0
    ],
    [
      10,
      1,
      0,
      0
    ],
    [
      5,
      5,
      0,
      0
    ]
  ],
  "level1_f1": 0.7265336289726534,
  "level1_acc": 0.7297297297297297,
  "level1_precision": 0.7377289377289378,
  "level1_recall": 0.7557131599684791,
  "level2_f1": 0.7009090909090909,
  "level2_acc": 0.7021276595744681,
  "level2_precision": 0.7270114942528736,
  "level2_recall": 0.7170329670329669,
  "level3_f1": 0.4457478005865103,
  "level3_acc": 0.5714285714285714,
  "level3_precision": 0.775,
  "level3_recall": 0.55,
  "attention_entropy_mean": 3.6630750507921785,
  "attention_entropy_std": 0.9429052606562884,
  "trial_number": 19,
  "params": {
    "activation": "tanh",
    "F1": 24,
    "F2": 8,
    "bottleneck_dim": 24,
    "hidden_dim": 32
  }
}