{
  "val_loss": 0.19447194039821625,
  "f1": 0.37643639464942996,
  "accuracy": 0.581081081081081,
  "precision": 0.5654761904761905,
  "recall": 0.41731416731416726,
  "confusion_matrix": [
    [
      26,
      1,
      0,
      0
    ],
    [
      10,
      16,
      0,
      0
    ],
    [
      8,
      2,
      1,
      0
    ],
    [
      8,
      2,
      0,
      0
    ]
  ],
  "level1_f1": 0.7265336289726534,
  "level1_acc": 0.7297297297297297,
  "level1_precision": 0.7377289377289378,
  "level1_recall": 0.7557131599684791,
  "level2_f1": 0.723404255319149,
  "level2_acc": 0.723404255319149,
  "level2_precision": 0.7316849816849818,
  "level2_recall": 0.7316849816849818,
  "level3_f1": 0.34375,
  "level3_acc": 0.5238095238095238,
  "level3_precision": 0.2619047619047619,
  "level3_recall": 0.5,
  "attention_entropy_mean": 3.569276848354855,
  "attention_entropy_std": 1.1605357379477825,
  "trial_number": 17,
  "params": {
    "activation": "elu",
    "F1": 16,
    "F2": 8,
    "bottleneck_dim": 64,
    "hidden_dim": 32
  }
}