{
  "val_loss": 0.21703392267227173,
  "f1": 0.3514328808446456,
  "accuracy": 0.43243243243243246,
  "precision": 0.46428571428571425,
  "recall": 0.4250712250712251,
  "confusion_matrix": [
    [
      16,
      0,
      0,
      11
    ],
    [
      5,
      8,
      0,
      13
    ],
    [
      1,
      0,
      0,
      10
    ],
    [
      2,
      0,
      0,
      8
    ]
  ],
  "level1_f1": 0.3884297520661157,
  "level1_acc": 0.6351351351351351,
  "level1_precision": 0.31756756756756754,
  "level1_recall": 0.5,
  "level2_f1": 0.4946236559139785,
  "level2_acc": 0.5531914893617021,
  "level2_precision": 0.75,
  "level2_recall": 0.5961538461538461,
  "level3_f1": 0.3225806451612903,
  "level3_acc": 0.47619047619047616,
  "level3_precision": 0.23809523809523808,
  "level3_recall": 0.5,
  "attention_entropy_mean": 7.170669136820613,
  "attention_entropy_std": 0.4343259199330055,
  "trial_number": 0,
  "params": {
    "activation": "relu",
    "F1": 8,
    "F2": 32,
    "bottleneck_dim": 64,
    "hidden_dim": 32
  }
}