{
  "val_loss": 0.20763346552848816,
  "f1": 0.29266169154228855,
  "accuracy": 0.5,
  "precision": 0.2536954915003696,
  "recall": 0.349002849002849,
  "confusion_matrix": [
    [
      19,
      8,
      0,
      0
    ],
    [
      8,
      18,
      0,
      0
    ],
    [
      4,
      7,
      0,
      0
    ],
    [
      2,
      8,
      0,
      0
    ]
  ],
  "level1_f1": 0.4210373804694292,
  "level1_acc": 0.6351351351351351,
  "level1_precision": 0.5694444444444444,
  "level1_recall": 0.5078802206461781,
  "level2_f1": 0.5498084291187739,
  "level2_acc": 0.574468085106383,
  "level2_precision": 0.5635416666666666,
  "level2_recall": 0.5558608058608059,
  "level3_f1": 0.3225806451612903,
  "level3_acc": 0.47619047619047616,
  "level3_precision": 0.23809523809523808,
  "level3_recall": 0.5,
  "attention_entropy_mean": 5.363688404495652,
  "attention_entropy_std": 0.5941394139428202,
  "trial_number": 2,
  "params": {
    "activation": "tanh",
    "F1": 8,
    "F2": 32,
    "bottleneck_dim": 16,
    "hidden_dim": 64
  }
}