{
  "val_loss": 0.1890556961297989,
  "f1": 0.4933667452830189,
  "accuracy": 0.6486486486486487,
  "precision": 0.4655905905905906,
  "recall": 0.5302706552706553,
  "confusion_matrix": [
    [
      23,
      1,
      0,
      3
    ],
    [
      6,
      20,
      0,
      0
    ],
    [
      6,
      3,
      0,
      2
    ],
    [
      2,
      3,
      0,
      5
    ]
  ],
  "level1_f1": 0.75405669599218,
  "level1_acc": 0.7702702702702703,
  "level1_precision": 0.7523291925465838,
  "level1_recall": 0.7561071710007881,
  "level2_f1": 0.5890473999079613,
  "level2_acc": 0.5957446808510638,
  "level2_precision": 0.6322916666666667,
  "level2_recall": 0.6163003663003663,
  "level3_f1": 0.3225806451612903,
  "level3_acc": 0.47619047619047616,
  "level3_precision": 0.23809523809523808,
  "level3_recall": 0.5,
  "attention_entropy_mean": 5.964259456943822,
  "attention_entropy_std": 0.44680871461739413,
  "trial_number": 13,
  "params": {
    "activation": "elu",
    "F1": 16,
    "F2": 8,
    "bottleneck_dim": 16,
    "hidden_dim": 32
  }
}