{
  "val_loss": 0.20439645648002625,
  "f1": 0.4203839370506036,
  "accuracy": 0.5540540540540541,
  "precision": 0.5846560846560847,
  "recall": 0.4265799015799016,
  "confusion_matrix": [
    [
      26,
      1,
      0,
      0
    ],
    [
      11,
      12,
      1,
      2
    ],
    [
      9,
      0,
      2,
      0
    ],
    [
      8,
      1,
      0,
      1
    ]
  ],
  "level1_f1": 0.7157490396927016,
  "level1_acc": 0.7162162162162162,
  "level1_precision": 0.7507575757575757,
  "level1_recall": 0.7608353033884949,
  "level2_f1": 0.5675544794188861,
  "level2_acc": 0.5957446808510638,
  "level2_precision": 0.7076023391812865,
  "level2_recall": 0.63003663003663,
  "level3_f1": 0.5675057208237986,
  "level3_acc": 0.5714285714285714,
  "level3_precision": 0.5817307692307692,
  "level3_recall": 0.5772727272727273,
  "attention_entropy_mean": 4.86207453302435,
  "attention_entropy_std": 0.9409748207681901,
  "trial_number": 5,
  "params": {
    "activation": "elu",
    "F1": 8,
    "F2": 32,
    "bottleneck_dim": 16,
    "hidden_dim": 64
  }
}