{
  "val_loss": 0.21109141409397125,
  "f1": 0.32997512437810944,
  "accuracy": 0.5675675675675675,
  "precision": 0.28345588235294117,
  "recall": 0.3956552706552706,
  "confusion_matrix": [
    [
      23,
      4,
      0,
      0
    ],
    [
      7,
      19,
      0,
      0
    ],
    [
      7,
      4,
      0,
      0
    ],
    [
      3,
      7,
      0,
      0
    ]
  ],
  "level1_f1": 0.6327939590075512,
  "level1_acc": 0.6891891891891891,
  "level1_precision": 0.6626984126984128,
  "level1_recall": 0.6292356185973207,
  "level2_f1": 0.6024436090225564,
  "level2_acc": 0.6170212765957447,
  "level2_precision": 0.6107843137254902,
  "level2_recall": 0.6034798534798534,
  "level3_f1": 0.3,
  "level3_acc": 0.42857142857142855,
  "level3_precision": 0.23684210526315788,
  "level3_recall": 0.4090909090909091,
  "attention_entropy_mean": 3.768645632911373,
  "attention_entropy_std": 0.8081104973346532,
  "trial_number": 10,
  "params": {
    "activation": "tanh",
    "F1": 4,
    "F2": 16,
    "bottleneck_dim": 64,
    "hidden_dim": 16
  }
}