{
  "val_loss": 0.2194746881723404,
  "f1": 0.3165503489531406,
  "accuracy": 0.5405405405405406,
  "precision": 0.27529761904761907,
  "recall": 0.3774928774928775,
  "confusion_matrix": [
    [
      20,
      7,
      0,
      0
    ],
    [
      6,
      20,
      0,
      0
    ],
    [
      5,
      6,
      0,
      0
    ],
    [
      1,
      9,
      0,
      0
    ]
  ],
  "level1_f1": 0.6726353486412471,
  "level1_acc": 0.7162162162162162,
  "level1_precision": 0.6953703703703704,
  "level1_recall": 0.6662726556343578,
  "level2_f1": 0.4946236559139785,
  "level2_acc": 0.5531914893617021,
  "level2_precision": 0.5337837837837838,
  "level2_recall": 0.5228937728937729,
  "level3_f1": 0.3225806451612903,
  "level3_acc": 0.47619047619047616,
  "level3_precision": 0.25,
  "level3_recall": 0.45454545454545453,
  "attention_entropy_mean": 2.3656391115305393,
  "attention_entropy_std": 0.8504543008725884,
  "trial_number": 16,
  "params": {
    "activation": "elu",
    "F1": 4,
    "F2": 16,
    "bottleneck_dim": 64,
    "hidden_dim": 32
  }
}