{
  "val_loss": 0.20480480790138245,
  "f1": 0.4208318214804064,
  "accuracy": 0.5540540540540541,
  "precision": 0.4027441077441078,
  "recall": 0.4650997150997151,
  "confusion_matrix": [
    [
      17,
      1,
      0,
      9
    ],
    [
      5,
      19,
      0,
      2
    ],
    [
      2,
      3,
      0,
      6
    ],
    [
      1,
      4,
      0,
      5
    ]
  ],
  "level1_f1": 0.45649717514124294,
  "level1_acc": 0.6486486486486487,
  "level1_precision": 0.6572769953051643,
  "level1_recall": 0.5263987391646966,
  "level2_f1": 0.6126373626373627,
  "level2_acc": 0.6170212765957447,
  "level2_precision": 0.6491935483870968,
  "level2_recall": 0.6355311355311355,
  "level3_f1": 0.3225806451612903,
  "level3_acc": 0.47619047619047616,
  "level3_precision": 0.23809523809523808,
  "level3_recall": 0.5,
  "attention_entropy_mean": 6.990762091971733,
  "attention_entropy_std": 0.41915129432472636,
  "trial_number": 8,
  "params": {
    "activation": "relu",
    "F1": 16,
    "F2": 8,
    "bottleneck_dim": 32,
    "hidden_dim": 32
  }
}