{
  "val_loss": 0.18887318670749664,
  "f1": 0.38971712063223823,
  "accuracy": 0.5405405405405406,
  "precision": 0.5783549783549784,
  "recall": 0.4052771302771303,
  "confusion_matrix": [
    [
      22,
      5,
      0,
      0
    ],
    [
      6,
      16,
      4,
      0
    ],
    [
      5,
      5,
      1,
      0
    ],
    [
      2,
      7,
      0,
      1
    ]
  ],
  "level1_f1": 0.703525641025641,
  "level1_acc": 0.7297297297297297,
  "level1_precision": 0.7077551020408164,
  "level1_recall": 0.7005516154452325,
  "level2_f1": 0.5648148148148149,
  "level2_acc": 0.574468085106383,
  "level2_precision": 0.6147186147186148,
  "level2_recall": 0.5970695970695971,
  "level3_f1": 0.41666666666666663,
  "level3_acc": 0.42857142857142855,
  "level3_precision": 0.4182692307692308,
  "level3_recall": 0.42272727272727273,
  "attention_entropy_mean": 3.873893702352369,
  "attention_entropy_std": 0.7854431216820784,
  "trial_number": 14,
  "params": {
    "activation": "elu",
    "F1": 16,
    "F2": 16,
    "bottleneck_dim": 32,
    "hidden_dim": 32
  }
}