{
  "val_loss": 0.22342444956302643,
  "f1": 0.33320839580209893,
  "accuracy": 0.5675675675675675,
  "precision": 0.29144786196549133,
  "recall": 0.3963675213675214,
  "confusion_matrix": [
    [
      21,
      6,
      0,
      0
    ],
    [
      5,
      21,
      0,
      0
    ],
    [
      3,
      8,
      0,
      0
    ],
    [
      2,
      8,
      0,
      0
    ]
  ],
  "level1_f1": 0.6118881118881119,
  "level1_acc": 0.6756756756756757,
  "level1_precision": 0.6449948400412797,
  "level1_recall": 0.6107171000788022,
  "level2_f1": 0.5262096774193548,
  "level2_acc": 0.574468085106383,
  "level2_precision": 0.5643939393939394,
  "level2_recall": 0.5467032967032968,
  "level3_f1": 0.34375,
  "level3_acc": 0.5238095238095238,
  "level3_precision": 0.2619047619047619,
  "level3_recall": 0.5,
  "attention_entropy_mean": 5.277869047345342,
  "attention_entropy_std": 1.393936281751034,
  "trial_number": 18,
  "params": {
    "activation": "tanh",
    "F1": 16,
    "F2": 16,
    "bottleneck_dim": 16,
    "hidden_dim": 16
  }
}