{
  "val_loss": 0.20173262059688568,
  "f1": 0.41039103089964446,
  "accuracy": 0.5945945945945946,
  "precision": 0.4095238095238095,
  "recall": 0.44529914529914527,
  "confusion_matrix": [
    [
      24,
      3,
      0,
      0
    ],
    [
      7,
      18,
      0,
      1
    ],
    [
      7,
      2,
      0,
      2
    ],
    [
      4,
      4,
      0,
      2
    ]
  ],
  "level1_f1": 0.7629545882796307,
  "level1_acc": 0.7702702702702703,
  "level1_precision": 0.7610294117647058,
  "level1_recall": 0.7797478329393223,
  "level2_f1": 0.5927952576379389,
  "level2_acc": 0.5957446808510638,
  "level2_precision": 0.6196078431372549,
  "level2_recall": 0.6117216117216118,
  "level3_f1": 0.3225806451612903,
  "level3_acc": 0.47619047619047616,
  "level3_precision": 0.23809523809523808,
  "level3_recall": 0.5,
  "attention_entropy_mean": 3.9261164697440893,
  "attention_entropy_std": 1.2301813430786237,
  "trial_number": 19,
  "params": {
    "activation": "elu",
    "F1": 4,
    "F2": 32,
    "bottleneck_dim": 32,
    "hidden_dim": 32
  }
}