{
  "val_loss": 0.1889684498310089,
  "f1": 0.37114791987673346,
  "accuracy": 0.5675675675675675,
  "precision": 0.4140625,
  "recall": 0.4117521367521368,
  "confusion_matrix": [
    [
      21,
      6,
      0,
      0
    ],
    [
      6,
      20,
      0,
      0
    ],
    [
      3,
      7,
      0,
      1
    ],
    [
      2,
      7,
      0,
      1
    ]
  ],
  "level1_f1": 0.6692542931075041,
  "level1_acc": 0.7432432432432432,
  "level1_precision": 0.7795698924731183,
  "level1_recall": 0.6639085894405043,
  "level2_f1": 0.6382978723404256,
  "level2_acc": 0.6382978723404256,
  "level2_precision": 0.6456043956043955,
  "level2_recall": 0.6456043956043955,
  "level3_f1": 0.3225806451612903,
  "level3_acc": 0.47619047619047616,
  "level3_precision": 0.23809523809523808,
  "level3_recall": 0.5,
  "attention_entropy_mean": 5.578577628006807,
  "attention_entropy_std": 0.43454676140993465,
  "trial_number": 1,
  "params": {
    "activation": "elu",
    "F1": 16,
    "F2": 8,
    "bottleneck_dim": 16,
    "hidden_dim": 32
  }
}