{
  "val_loss": 0.1952006220817566,
  "f1": 0.4393986042692939,
  "accuracy": 0.6081081081081081,
  "precision": 0.45729166666666665,
  "recall": 0.46348096348096346,
  "confusion_matrix": [
    [
      24,
      2,
      1,
      0
    ],
    [
      6,
      18,
      1,
      1
    ],
    [
      3,
      5,
      3,
      0
    ],
    [
      3,
      7,
      0,
      0
    ]
  ],
  "level1_f1": 0.6916666666666667,
  "level1_acc": 0.7297297297297297,
  "level1_precision": 0.7106918238993711,
  "level1_recall": 0.6847911741528763,
  "level2_f1": 0.6168478260869565,
  "level2_acc": 0.6170212765957447,
  "level2_precision": 0.6209090909090909,
  "level2_recall": 0.6217948717948718,
  "level3_f1": 0.5333333333333333,
  "level3_acc": 0.6190476190476191,
  "level3_precision": 0.7894736842105263,
  "level3_recall": 0.6,
  "attention_entropy_mean": 3.299006116954056,
  "attention_entropy_std": 1.984960087387681,
  "trial_number": 6,
  "params": {
    "activation": "elu",
    "F1": 16,
    "F2": 16,
    "bottleneck_dim": 64,
    "hidden_dim": 32
  }
}