{
  "val_loss": 0.19298624992370605,
  "f1": 0.35394932935916545,
  "accuracy": 0.6081081081081081,
  "precision": 0.3038461538461539,
  "recall": 0.42414529914529914,
  "confusion_matrix": [
    [
      24,
      3,
      0,
      0
    ],
    [
      5,
      21,
      0,
      0
    ],
    [
      7,
      4,
      0,
      0
    ],
    [
      3,
      7,
      0,
      0
    ]
  ],
  "level1_f1": 0.7989130434782609,
  "level1_acc": 0.8108108108108109,
  "level1_precision": 0.7954022988505747,
  "level1_recall": 0.8037825059101655,
  "level2_f1": 0.6130750605326876,
  "level2_acc": 0.6382978723404256,
  "level2_precision": 0.6396103896103896,
  "level2_recall": 0.6181318681318682,
  "level3_f1": 0.6370370370370371,
  "level3_acc": 0.6666666666666666,
  "level3_precision": 0.7125,
  "level3_recall": 0.6545454545454545,
  "attention_entropy_mean": 3.143849144513543,
  "attention_entropy_std": 1.202781808831383,
  "trial_number": 9,
  "params": {
    "activation": "elu",
    "F1": 8,
    "F2": 16,
    "bottleneck_dim": 64,
    "hidden_dim": 64
  }
}