{
  "val_loss": 0.23603455722332,
  "f1": 0.29967303822937624,
  "accuracy": 0.5135135135135135,
  "precision": 0.2632183908045977,
  "recall": 0.3593304843304843,
  "confusion_matrix": [
    [
      17,
      10,
      0,
      0
    ],
    [
      5,
      21,
      0,
      0
    ],
    [
      5,
      6,
      0,
      0
    ],
    [
      2,
      8,
      0,
      0
    ]
  ],
  "level1_f1": 0.6230343300110742,
  "level1_acc": 0.6891891891891891,
  "level1_precision": 0.665948275862069,
  "level1_recall": 0.6213553979511426,
  "level2_f1": 0.5563835072031793,
  "level2_acc": 0.5957446808510638,
  "level2_precision": 0.5916666666666667,
  "level2_recall": 0.5705128205128205,
  "level3_f1": 0.35764705882352943,
  "level3_acc": 0.38095238095238093,
  "level3_precision": 0.3571428571428571,
  "level3_recall": 0.3727272727272727,
  "attention_entropy_mean": 4.479330302895726,
  "attention_entropy_std": 2.7130125677783576,
  "trial_number": 12,
  "params": {
    "activation": "relu",
    "F1": 16,
    "F2": 16,
    "bottleneck_dim": 64,
    "hidden_dim": 64
  }
}