{
  "val_loss": 0.1975952684879303,
  "f1": 0.36472665565951207,
  "accuracy": 0.5675675675675675,
  "precision": 0.5548076923076923,
  "recall": 0.4073426573426573,
  "confusion_matrix": [
    [
      27,
      0,
      0,
      0
    ],
    [
      11,
      14,
      0,
      1
    ],
    [
      7,
      3,
      1,
      0
    ],
    [
      7,
      3,
      0,
      0
    ]
  ],
  "level1_f1": 0.7409250046065966,
  "level1_acc": 0.7432432432432432,
  "level1_precision": 0.7558823529411764,
  "level1_recall": 0.7742316784869976,
  "level2_f1": 0.5392156862745098,
  "level2_acc": 0.574468085106383,
  "level2_precision": 0.6939102564102564,
  "level2_recall": 0.6108058608058607,
  "level3_f1": 0.7083333333333333,
  "level3_acc": 0.7142857142857143,
  "level3_precision": 0.7211538461538461,
  "level3_recall": 0.7090909090909091,
  "attention_entropy_mean": 4.5930031248041105,
  "attention_entropy_std": 0.5980138409742644
}