{
  "val_loss": 0.19603025913238525,
  "f1": 0.36237373737373735,
  "accuracy": 0.6216216216216216,
  "precision": 0.3168582375478927,
  "recall": 0.43304843304843305,
  "confusion_matrix": [
    [
      26,
      1,
      0,
      0
    ],
    [
      6,
      20,
      0,
      0
    ],
    [
      8,
      3,
      0,
      0
    ],
    [
      5,
      5,
      0,
      0
    ]
  ],
  "level1_f1": 0.3884297520661157,
  "level1_acc": 0.6351351351351351,
  "level1_precision": 0.31756756756756754,
  "level1_recall": 0.5,
  "level2_f1": 0.5096870342771982,
  "level2_acc": 0.5531914893617021,
  "level2_precision": 0.5357142857142857,
  "level2_recall": 0.5274725274725275,
  "level3_f1": 0.34375,
  "level3_acc": 0.5238095238095238,
  "level3_precision": 0.2619047619047619,
  "level3_recall": 0.5,
  "attention_entropy_mean": 7.12875838537474,
  "attention_entropy_std": 0.4233410030365249,
  "trial_number": 4,
  "params": {
    "activation": "relu",
    "F1": 16,
    "F2": 8,
    "bottleneck_dim": 32,
    "hidden_dim": 16
  }
}