{
  "val_loss": 0.19354966282844543,
  "f1": 0.39513605442176875,
  "accuracy": 0.6081081081081081,
  "precision": 0.5754076086956521,
  "recall": 0.43618881118881114,
  "confusion_matrix": [
    [
      27,
      0,
      0,
      0
    ],
    [
      8,
      17,
      0,
      1
    ],
    [
      8,
      1,
      1,
      1
    ],
    [
      5,
      5,
      0,
      0
    ]
  ],
  "level1_f1": 0.7886116930108551,
  "level1_acc": 0.7972972972972973,
  "level1_precision": 0.7842261904761905,
  "level1_recall": 0.8010244286840031,
  "level2_f1": 0.4765133171912833,
  "level2_acc": 0.5106382978723404,
  "level2_precision": 0.5701754385964912,
  "level2_recall": 0.5439560439560439,
  "level3_f1": 0.5552941176470588,
  "level3_acc": 0.5714285714285714,
  "level3_precision": 0.5714285714285714,
  "level3_recall": 0.5636363636363637,
  "attention_entropy_mean": 3.2358894831425435,
  "attention_entropy_std": 0.9013497334534112,
  "trial_number": 11,
  "params": {
    "activation": "elu",
    "F1": 16,
    "F2": 16,
    "bottleneck_dim": 16,
    "hidden_dim": 64
  }
}