{
  "val_loss": 0.19481617212295532,
  "f1": 0.4314825525351841,
  "accuracy": 0.6216216216216216,
  "precision": 0.44418505942275044,
  "recall": 0.4645299145299145,
  "confusion_matrix": [
    [
      24,
      1,
      1,
      1
    ],
    [
      5,
      20,
      0,
      1
    ],
    [
      5,
      6,
      0,
      0
    ],
    [
      4,
      4,
      0,
      2
    ]
  ],
  "level1_f1": 0.3884297520661157,
  "level1_acc": 0.6351351351351351,
  "level1_precision": 0.31756756756756754,
  "level1_recall": 0.5,
  "level2_f1": 0.6024436090225564,
  "level2_acc": 0.6170212765957447,
  "level2_precision": 0.6880952380952381,
  "level2_recall": 0.6446886446886447,
  "level3_f1": 0.47619047619047616,
  "level3_acc": 0.47619047619047616,
  "level3_precision": 0.4772727272727273,
  "level3_recall": 0.4772727272727273,
  "attention_entropy_mean": 5.543476586406295,
  "attention_entropy_std": 1.0707759265558592,
  "trial_number": 7,
  "params": {
    "activation": "relu",
    "F1": 16,
    "F2": 8,
    "bottleneck_dim": 16,
    "hidden_dim": 64
  }
}